,id,top,left,bottom,right,vel_x,vel_y,vel_w,vel_h,frame
0,0,167,303,293,459,0.0,0.0,0.0,0.0,0
1,1,156,1098,324,1204,0.0,0.0,0.0,0.0,0
2,0,160,303,288,469,-0.5542725173210161,0.5542725173210161,1.1023622047244095,0.31496062992125984,1
3,1,149,1134,321,1232,-0.4618937644341802,3.233256351039261,-0.8661417322834646,0.47244094488188976,1
4,0,155,301,283,469,-7.453074727261537,-0.7147092463767397,2.2756320416899545,0.505865552546162,2
5,1,149,1151,315,1231,-4.354581066588045,13.40397370305459,-9.725323297845348,-2.5243686217402774,2
6,0,151,544,315,690,26.481124356987202,507.4623739072369,-22.5915591480195,38.48113914533684,3
7,1,154,1163,316,1237,4.647879841498074,29.628779152543522,-15.964082605784254,-6.950406413387038,3
8,2,141,297,273,447,0.0,0.0,0.0,0.0,3
9,0,152,696,334,826,43.585803138533656,724.7476482791711,-41.38478666503966,58.14378238587787,4
10,1,142,1068,284,1160,-49.97083739883207,-179.38922790678438,12.736086906740328,-35.265257049476574,4
11,2,145,300,269,450,0.09237875288683603,0.3695150115473441,-0.07874015748031496,-0.6299212598425197,4
12,0,145,535,309,671,-1.1712194380291905,223.47544056668397,-26.028334606551326,20.415112137201625,5
13,1,134,1018,262,1126,-71.82225742226618,-230.94419799431643,36.92349162040104,-51.86614296815115,5
14,0,137,771,281,909,-35.97256335270627,643.4485249002269,-19.43195148057589,-14.526393588977882,6
15,1,129,993,251,1105,-71.82225742226618,-230.94419799431643,36.92349162040104,-51.86614296815115,6
16,2,146,299,266,451,0.0,0.0,0.0,0.0,6
17,0,145,638,257,732,-43.45212586985484,260.9507615863045,-82.1241664133597,-63.24343456259534,7
18,1,134,994,246,1122,-60.10489399511553,-176.59687867916958,55.35170342598782,-61.20042114463297,7
19,2,149,296,271,444,0.4618937644341802,-0.4618937644341802,-0.31496062992125984,0.31496062992125984,7
20,0,149,499,259,609,-32.98605239588171,14.885719005297261,-49.48371075510894,-56.435962703508494,8
21,1,137,1009,243,1147,-51.28112961020937,-119.33004600125412,62.14086075137992,-60.14884977933191,8
22,2,174,430,254,514,5.09710688237334,134.4977464852623,-35.105394185365725,-21.7186491897029,8
23,0,151,461,241,537,-38.55589315493148,-64.61772240742718,-86.80139046003734,-75.83662174657145,9
24,1,162,783,242,881,-27.60641559999605,-444.39040259381903,0.8315606864582747,-86.16458394727357,9
25,3,152,291,270,441,0.0,0.0,0.0,0.0,9
26,4,127,348,159,362,0.0,0.0,0.0,0.0,9
27,0,152,459,234,527,-38.55589315493148,-64.61772240742718,-86.80139046003734,-75.83662174657145,10
28,1,161,543,249,659,-20.56046355046377,-684.1229412991901,22.354736394564586,-66.08592961419711,10
29,3,193,535,245,575,0.8314087759815243,18.56812933025404,-10.866141732283465,-6.456692913385827,10
30,5,164,423,222,447,0.0,0.0,0.0,0.0,10
31,6,171,421,209,479,0.0,0.0,0.0,0.0,10
32,0,186,850,252,904,-2.3515876249236953,397.409040003061,-91.97563515988092,-86.7561959718896,11
33,1,161,473,243,591,-20.56046355046377,-684.1229412991901,22.354736394564586,-66.08592961419711,11
34,3,176,401,258,499,-1.8145896853503631,-121.95616743727916,20.682885324425683,9.581309180049992,11
35,6,171,417,209,473,0.09237875288683603,-0.4618937644341802,-0.15748031496062992,0.07874015748031496,11
36,0,191,894,247,940,-2.3515876249236953,397.409040003061,-91.97563515988092,-86.7561959718896,12
37,1,163,404,237,524,-20.56046355046377,-684.1229412991901,22.354736394564586,-66.08592961419711,12
38,3,169,335,261,461,-6.661449022691014,-211.32617657763842,48.340962119761286,20.64329739086247,12
39,6,168,426,206,486,-4.326764497179467,14.208564328044355,1.7674776548404703,-0.1260849157526534,12
40,0,195,938,243,974,-2.3515876249236953,397.409040003061,-91.97563515988092,-86.7561959718896,13
41,1,177,421,235,495,-13.021999059120857,-620.6128678484109,-25.48608235819731,-75.03213462967119,13
42,3,162,302,262,434,-10.782347859054413,-229.99547754770336,52.3879463419632,26.73254968903059,13
43,6,166,433,206,487,-6.7349248513334645,20.00750548524774,-3.933190264990274,0.5120960047740764,13
44,7,171,464,215,478,0.0,0.0,0.0,0.0,13
45,8,116,0,142,6,0.0,0.0,0.0,0.0,13
46,0,199,982,239,1010,-2.3515876249236953,397.409040003061,-91.97563515988092,-86.7561959718896,14
47,1,178,360,230,432,-13.021999059120857,-620.6128678484109,-25.48608235819731,-75.03213462967119,14
48,3,157,283,265,421,-10.415629164248578,-215.72860292510444,52.38508118519676,35.11914813745473,14
49,6,167,440,207,498,-2.50572056364887,37.17475424487442,0.38181842529603216,1.993164037118503,14
50,8,116,0,142,6,0.0,0.0,0.0,0.0,14
51,9,204,447,246,469,0.0,0.0,0.0,0.0,14
52,0,174,523,250,617,-7.7909888830415435,-19.624693408025905,-26.060252093678955,-46.67719897472486,15
53,1,181,370,221,416,-15.43857104940447,-566.137220827261,-46.117404829655115,-79.18029590172026,15
54,3,156,197,246,299,-29.30060490153879,-375.9189341765877,-15.456151367134616,3.193087588873116,15
55,6,166,449,206,507,-2.4648508215099936,47.55167706232493,0.12915805242815942,0.7330944368604129,15
56,9,204,447,246,469,0.0,0.0,0.0,0.0,15
57,10,186,1012,240,1030,0.0,0.0,0.0,0.0,15
58,11,125,893,147,899,0.0,0.0,0.0,0.0,15
59,0,165,402,255,522,-9.085272058447247,-111.93983153767486,-1.1774834423458422,-32.20332531115523,16
60,1,174,378,224,414,-15.641165902805021,-511.8649213333101,-49.80587832942592,-63.18686522699619,16
61,3,154,301,228,385,-40.19478629436416,-144.94144270420114,-39.69847991791033,-24.4257298200221,16
62,6,166,453,206,511,-2.4648508215099936,47.55167706232493,0.12915805242815942,0.7330944368604129,16
63,10,186,1012,240,1030,0.0,0.0,0.0,0.0,16
64,12,188,98,218,152,0.0,0.0,0.0,0.0,16
65,13,183,1031,241,1051,0.0,0.0,0.0,0.0,16
66,0,166,391,252,511,-9.085272058447247,-111.93983153767486,-1.1774834423458422,-32.20332531115523,17
67,1,172,389,216,431,-18.510226523843315,-454.7903896103145,-42.185657141869136,-62.87032552082281,17
68,3,163,364,233,426,-24.34577561281592,-41.10551578368025,-66.8034390891912,-25.332713924063775,17
69,6,177,425,205,465,5.314741417815112,-24.672250542334254,-25.378073910719436,-15.901421478623949,17
70,10,189,1051,245,1071,0.8952431854623197,7.699091394975949,0.46027020838103966,0.30684680558735977,17
71,12,161,281,257,415,0.6466512702078522,21.893764434180138,7.874015748031496,6.456692913385827,17
72,0,197,759,261,861,8.120039417797498,199.60234332264417,-14.995362378986426,-46.131380533132514,18
73,1,177,396,223,428,-11.281287635333499,-413.2124359465648,-45.46746403515627,-56.698764178915425,18
74,3,166,412,224,470,-24.74125103719589,29.224166290977152,-63.14163765795225,-39.120657074904585,18
75,6,178,423,204,461,5.314741417815112,-24.672250542334254,-25.378073910719436,-15.901421478623949,18
76,12,163,284,263,420,5.353887677437958,24.48831768887562,8.858369255316155,8.349833396082776,18
77,13,218,307,262,323,0.0,0.0,0.0,0.0,18
78,0,188,562,262,680,4.442053849299718,24.821204256117568,-1.88594455513884,-35.31819044796718,19
79,1,180,409,220,449,-10.49301540889583,-362.40189003056537,-36.705269896045735,-56.23744497486355,19
80,3,180,293,226,343,-10.56377169223121,-134.5391583700365,-64.0516824971241,-47.54547146896173,19
81,6,179,422,205,458,5.314741417815112,-24.672250542334254,-25.378073910719436,-15.901421478623949,19
82,12,182,377,262,473,25.538419450698104,179.4711287371339,-35.75254299491701,-13.742657094248557,19
83,14,235,1147,275,1219,0.0,0.0,0.0,0.0,19
84,0,186,449,266,577,5.12590778239456,-67.38233119607582,5.466333239860867,-27.902947153317683,20
85,1,183,421,221,465,-7.973937855784868,-318.27203500284156,-30.5617310299138,-54.32251674519505,20
86,3,181,282,223,326,-10.56377169223121,-134.5391583700365,-64.0516824971241,-47.54547146896173,20
87,6,180,421,204,453,5.314741417815112,-24.672250542334254,-25.378073910719436,-15.901421478623949,20
88,14,235,1147,275,1219,0.0,0.0,0.0,0.0,20
89,0,200,287,276,455,14.698256340973458,-181.69331475475497,35.07626381577778,-29.79597382249243,21
90,1,194,294,224,338,-1.5106624104149091,-400.3298384958152,-27.644947372732364,-55.71883595131595,21
91,3,201,372,233,398,6.539801559612979,-30.208044171630632,-77.73466622391275,-52.765254908147774,21
92,6,182,420,204,450,5.314741417815112,-24.672250542334254,-25.378073910719436,-15.901421478623949,21
93,15,172,296,276,428,0.0,0.0,0.0,0.0,21
94,16,183,497,225,559,0.0,0.0,0.0,0.0,21
95,0,204,266,276,438,14.698256340973458,-181.69331475475497,35.07626381577778,-29.79597382249243,22
96,1,199,214,225,258,1.4415778313675314,-434.2136027500361,-25.407013565543778,-54.246146395022365,22
97,3,193,437,225,469,-1.8979870589694183,43.69038458876416,-62.49298588781597,-48.717796604836245,22
98,15,174,293,272,423,-0.09237875288683603,-0.3695150115473441,-0.23622047244094488,-0.5511811023622047,22
99,0,191,270,271,426,6.118032534966673,-170.123840990983,20.142721180248426,-22.55432297885499,23
100,1,201,172,223,214,1.4415778313675314,-434.2136027500361,-25.407013565543778,-54.246146395022365,23
101,3,196,444,222,470,-1.8979870589694183,43.69038458876416,-62.49298588781597,-48.717796604836245,23
102,15,173,546,315,662,28.83011641809423,324.71274572383044,-7.450835673307053,22.60200654473925,23
103,0,184,271,268,415,1.6695069076261264,-160.70844547447547,10.134503891774145,-17.84500228375743,24
104,1,205,592,245,670,12.14337274933265,-39.50724190491269,3.080664723578437,-37.043305502798006,24
105,3,198,451,220,471,-1.8979870589694183,43.69038458876416,-62.49298588781597,-48.717796604836245,24
106,15,179,362,281,458,-8.571003917690053,-170.4107924140431,-27.696081876483152,-22.069225924473788,24
107,0,179,273,265,409,-1.792579984480506,-148.97860959368944,4.848202048694074,-14.952470404633168,25
108,1,213,636,253,698,17.638598963055003,-7.0373786862608725,-9.418672822662048,-34.237931377411165,25
109,3,201,459,217,473,-1.8979870589694183,43.69038458876416,-62.49298588781597,-48.717796604836245,25
110,16,203,1165,293,1239,0.0,0.0,0.0,0.0,25
111,0,180,257,264,395,-1.792579984480506,-148.97860959368944,4.848202048694074,-14.952470404633168,26
112,1,197,508,251,584,8.90322161244315,-104.22527831935693,1.3888889061463292,-21.36741578323391,26
113,3,202,466,214,474,-1.8979870589694183,43.69038458876416,-62.49298588781597,-48.717796604836245,26
114,17,206,828,254,844,0.0,0.0,0.0,0.0,26
115,0,179,242,263,380,-1.792579984480506,-148.97860959368944,4.848202048694074,-14.952470404633168,27
116,1,187,429,249,515,2.8711317744254767,-156.70821232355513,8.766920480402348,-14.176316400673578,27
117,17,206,828,254,844,0.0,0.0,0.0,0.0,27
118,0,168,344,234,438,-17.29000564561582,-76.14330379489714,-25.36571111903128,-26.288659202633486,28
119,1,185,335,239,409,-1.8030087069121201,-224.9780778670127,-0.18320880615219082,-19.36084875796484,28
120,17,192,881,242,897,-2.327632282202031,10.205772314270444,0.15342340279367989,0.6136936111747195,28
121,18,161,318,253,434,0.0,0.0,0.0,0.0,28
122,0,169,337,231,429,-17.29000564561582,-76.14330379489714,-25.36571111903128,-26.288659202633486,29
123,1,186,313,238,387,-1.8030087069121201,-224.9780778670127,-0.18320880615219082,-19.36084875796484,29
124,18,164,325,252,427,0.18475750577367206,0.0,-1.4173228346456692,-0.31496062992125984,29
125,0,168,331,228,419,-17.29000564561582,-76.14330379489714,-25.36571111903128,-26.288659202633486,30
126,1,187,290,237,364,-1.8030087069121201,-224.9780778670127,-0.18320880615219082,-19.36084875796484,30
127,18,163,328,251,432,-1.2282708365059745,5.940206526282368,0.5016693563234005,-0.0007629447677741652,30
128,19,184,836,240,856,0.0,0.0,0.0,0.0,30
129,20,185,918,243,938,0.0,0.0,0.0,0.0,30
130,0,182,251,228,323,-10.443219770359615,-136.04676648317496,-35.216333850010855,-34.05109265025483,31
131,1,188,268,236,342,-1.8030087069121201,-224.9780778670127,-0.18320880615219082,-19.36084875796484,31
132,18,165,328,251,436,0.19726906875263106,9.163514190331043,2.897032143113174,-3.3595762697569675,31
133,19,198,926,242,964,0.8314087759815243,9.79214780600462,1.811023622047244,-1.1023622047244095,31
134,21,191,942,245,960,0.0,0.0,0.0,0.0,31
135,0,183,239,225,307,-10.443219770359615,-136.04676648317496,-35.216333850010855,-34.05109265025483,32
136,1,179,390,219,438,-11.155161228168899,-126.59048200302824,-17.224016679654078,-22.354840836597557,32
137,18,163,338,249,444,-3.7803189200079412,27.42639496043272,1.5975299681853365,-2.7894714948863166,32
138,21,191,942,245,960,0.0,0.0,0.0,0.0,32
139,22,189,962,247,982,0.0,0.0,0.0,0.0,32
140,23,182,333,204,359,0.0,0.0,0.0,0.0,32
141,0,184,227,222,291,-10.443219770359615,-136.04676648317496,-35.216333850010855,-34.05109265025483,33
142,1,175,432,213,468,-14.550122539318524,-90.22562316938293,-24.869448441051986,-22.475558826369284,33
143,18,164,346,252,452,0.2429695522925588,38.279687283400925,-1.0728444738332734,0.5296612408963752,33
144,22,189,962,247,982,0.0,0.0,0.0,0.0,33
145,0,176,302,232,386,-8.986430315960133,-64.84883712297496,-20.138286992464543,-21.55484755245211,34
146,1,182,359,216,393,-9.603642888926256,-139.9540664541217,-24.24536326645671,-23.478781431716875,34
147,18,164,349,252,455,0.2429695522925588,38.279687283400925,-1.0728444738332734,0.5296612408963752,34
148,23,187,459,205,481,0.0,0.0,0.0,0.0,34
149,24,197,433,247,449,0.0,0.0,0.0,0.0,34
150,0,170,394,220,452,-14.756020545135646,-2.1301318064408576,-34.91922776640701,-23.70838255205503,35
151,1,182,346,214,378,-9.603642888926256,-139.9540664541217,-24.24536326645671,-23.478781431716875,35
152,18,163,366,247,470,-5.140461136118013,58.30508405866388,-2.3471626433980557,-3.4619753913757374,35
153,24,197,433,247,449,0.0,0.0,0.0,0.0,35
154,0,170,395,218,451,-14.756020545135646,-2.1301318064408576,-34.91922776640701,-23.70838255205503,36
155,1,182,334,212,362,-9.603642888926256,-139.9540664541217,-24.24536326645671,-23.478781431716875,36
156,18,158,377,244,479,-10.172128600848213,65.02958953953794,-5.5174123976170515,0.23233662298172497,36
157,25,160,939,288,979,0.0,0.0,0.0,0.0,36
158,0,179,368,217,410,-10.97013275686051,-27.965400104281162,-40.63274340044978,-28.290396701830836,37
159,1,182,321,210,347,-9.603642888926256,-139.9540664541217,-24.24536326645671,-23.478781431716875,37
160,18,157,389,243,495,-9.64929254521143,75.19606598388494,1.4464976363664848,0.32296740071795405,37
161,26,170,966,304,1010,0.0,0.0,0.0,0.0,37
162,27,167,532,207,546,0.0,0.0,0.0,0.0,37
163,28,14,717,42,733,0.0,0.0,0.0,0.0,37
164,0,179,367,213,405,-10.97013275686051,-27.965400104281162,-40.63274340044978,-28.290396701830836,38
165,1,184,309,208,335,-8.795448552152193,-138.96043398060067,-23.468919365202797,-24.591133099426088,38
166,18,157,402,243,506,-8.292606012796188,81.38112328540642,-2.0684388327421828,-0.46416799675531273,38
167,27,167,532,207,546,0.0,0.0,0.0,0.0,38
168,29,167,1006,307,1060,0.0,0.0,0.0,0.0,38
169,0,179,366,211,400,-10.97013275686051,-27.965400104281162,-40.63274340044978,-28.290396701830836,39
170,1,185,297,205,319,-8.795448552152193,-138.96043398060067,-23.468919365202797,-24.591133099426088,39
171,18,157,416,243,522,-7.695304870313279,89.023416644892,0.72966965206454,-0.9172541151307904,39
172,27,169,555,207,565,0.35809727418492787,4.118118653126671,-0.46027020838103966,-0.15342340279367989,39
173,29,172,1037,272,1069,-1.3856812933025404,2.032332563510393,-2.047244094488189,-3.858267716535433,39
174,0,179,365,209,395,-10.97013275686051,-27.965400104281162,-40.63274340044978,-28.290396701830836,40
175,1,185,284,203,304,-8.795448552152193,-138.96043398060067,-23.468919365202797,-24.591133099426088,40
176,18,158,430,242,536,-6.08099115674952,94.50111683363838,0.7486179261504303,-1.840474229167779,40
177,29,166,1047,268,1083,-8.608588305052358,17.67510506141684,-0.00495914099053385,-2.661134764241773,40
178,30,191,320,223,362,0.0,0.0,0.0,0.0,40
179,31,181,390,215,422,0.0,0.0,0.0,0.0,40
180,32,170,567,208,581,0.0,0.0,0.0,0.0,40
181,0,180,364,206,390,-10.97013275686051,-27.965400104281162,-40.63274340044978,-28.290396701830836,41
182,1,191,311,209,337,-3.8499957040276076,-107.24500140474436,-19.307442099498598,-23.291895892474614,41
183,18,158,445,242,551,-5.81449568975181,100.34030384089289,0.42815251603641014,-2.3694552425587023,41
184,30,210,586,312,652,5.35796766743649,27.344110854503466,2.440944881889764,6.771653543307086,41
185,32,170,567,208,581,0.0,0.0,0.0,0.0,41
186,1,192,302,208,326,-3.8499957040276076,-107.24500140474436,-19.307442099498598,-23.291895892474614,42
187,18,160,459,244,569,-2.9483534071819593,106.87151331737587,4.502973802012143,-1.7859134900917728,42
188,30,216,597,316,669,10.4167463200153,41.71618674849088,5.435765855567922,5.825083301958611,42
189,33,166,1142,264,1178,0.0,0.0,0.0,0.0,42
190,1,182,405,226,461,-0.6238618973900456,-12.978309823531717,2.407921731643299,-4.537231614542932,43
191,18,168,569,236,665,-2.7857861407304565,196.84266349956016,-9.219971413704927,-17.651112781837224,43
192,30,222,667,310,723,8.14353093021224,169.295885487308,-13.602306243670718,-7.681440597162287,43
193,34,196,345,232,391,0.0,0.0,0.0,0.0,43
194,1,182,403,226,459,-0.6238618973900456,-12.978309823531717,2.407921731643299,-4.537231614542932,44
195,18,169,590,235,684,-2.7857861407304565,196.84266349956016,-9.219971413704927,-17.651112781837224,44
196,34,222,588,316,654,5.450346420323326,24.849884526558892,1.968503937007874,5.590551181102362,44
197,35,161,493,251,615,0.0,0.0,0.0,0.0,44
198,36,187,714,203,732,0.0,0.0,0.0,0.0,44
199,1,189,498,275,568,20.705941329530322,63.457079170840316,9.943318734781835,21.966155641287,45
200,18,170,609,234,703,-2.7857861407304565,196.84266349956016,-9.219971413704927,-17.651112781837224,45
201,35,160,517,248,623,-0.18475750577367206,1.6628175519630486,-1.6535433070866141,-0.07874015748031496,45
202,37,188,676,210,714,0.0,0.0,0.0,0.0,45
203,1,191,504,279,574,20.705941329530322,63.457079170840316,9.943318734781835,21.966155641287,46
204,18,170,629,232,723,-2.7857861407304565,196.84266349956016,-9.219971413704927,-17.651112781837224,46
205,35,160,530,250,634,1.9707966522912703,16.419017655502223,-1.6455889353105748,1.136290131309429,46
206,38,175,591,345,677,0.0,0.0,0.0,0.0,46
207,1,192,510,282,582,20.705941329530322,63.457079170840316,9.943318734781835,21.966155641287,47
208,18,178,530,228,588,-1.0402374288123126,85.65927461107441,-35.31116426669946,-26.378193541928248,47
209,35,161,547,251,657,3.160896238544536,56.32666793333634,4.464888768321663,0.09776643554015951,47
210,38,170,599,342,681,-0.3695150115473441,0.6466512702078522,-0.31496062992125984,0.15748031496062992,47
211,1,190,439,252,495,8.129870466427198,1.0510217031901874,-0.39266195750410837,2.7375634319805116,48
212,18,182,626,218,670,-3.2372825089979673,150.20325161065836,-43.34652542187642,-34.32028285743913,48
213,35,159,678,237,776,-15.404125771323601,335.36738880980306,-14.176995838804018,-16.347067178297472,48
214,38,174,603,348,687,6.911696567723725,6.8389393090085075,-0.0007629447677741652,1.2631379918298564,48
215,39,192,397,218,453,0.0,0.0,0.0,0.0,48
216,1,194,521,286,585,21.264210152617615,65.14493261540325,4.908376882196308,20.82873437539059,49
217,18,185,684,213,720,-4.487702074274445,181.805489736947,-46.54929328582425,-36.986657472742415,49
218,35,167,606,231,692,-11.382274447627157,93.10982855836886,-32.21210237346369,-36.5568262821603,49
219,38,160,713,292,805,-70.9673136674595,254.63371643262394,9.118060508487023,-42.940256290438704,49
220,1,226,722,320,780,44.659201933601096,211.9442078674398,1.2489397756507743,21.18538824809535,50
221,18,177,769,215,819,-6.017499178747732,242.3536935492233,-32.00395155383977,-27.77618720994584,50
222,35,174,559,228,619,-3.7594272483800424,-41.1920947558948,-68.97977097844802,-48.43642364622528,50
223,38,133,488,237,556,-151.8504948099614,-358.8260578045139,-25.557344852295405,-77.83102028991406,50
224,39,182,529,220,583,0.0,0.0,0.0,0.0,50
225,1,232,711,320,759,44.189421329408894,182.40784762021556,-5.1357727441153305,15.523354620866387,51
226,18,178,794,214,842,-6.017499178747732,242.3536935492233,-32.00395155383977,-27.77618720994584,51
227,35,182,538,226,580,0.7509061966069153,-87.32896682335034,-86.79673164176539,-54.911104960428524,51
228,38,121,453,217,519,-151.8504948099614,-358.8260578045139,-25.557344852295405,-77.83102028991406,51
229,40,158,866,224,980,0.0,0.0,0.0,0.0,51
230,41,184,619,344,719,0.0,0.0,0.0,0.0,51
231,42,184,540,212,550,0.0,0.0,0.0,0.0,51
232,43,194,474,228,542,0.0,0.0,0.0,0.0,51
233,1,237,729,325,777,44.189421329408894,182.40784762021556,-5.1357727441153305,15.523354620866387,52
234,18,179,820,211,864,-6.017499178747732,242.3536935492233,-32.00395155383977,-27.77618720994584,52
235,35,187,534,225,562,4.9132678184491345,-90.67484779814829,-93.89633939306212,-56.16337008902752,52
236,38,110,418,198,482,-151.8504948099614,-358.8260578045139,-25.557344852295405,-77.83102028991406,52
237,40,156,892,228,1002,0.18475750577367206,2.4018475750577366,-0.23622047244094488,0.6299212598425197,52
238,41,186,626,338,736,-0.18475750577367206,1.2009237875288683,1.0236220472440944,-0.7086614173228346,52
239,43,194,474,228,542,0.0,0.0,0.0,0.0,52
240,44,181,555,221,607,0.0,0.0,0.0,0.0,52
241,1,240,747,330,795,44.189421329408894,182.40784762021556,-5.1357727441153305,15.523354620866387,53
242,18,190,1008,282,1062,26.359592148607256,373.50345748336804,-23.324039744741377,15.810103786392126,53
243,35,186,549,222,579,1.5299977789080166,-55.58528828278801,-77.80258788113062,-51.702650791471235,53
244,38,139,774,217,858,-88.0450663366725,295.2418450555032,7.357797929202402,-82.06929778098737,53
245,41,186,626,338,736,-0.18475750577367206,1.2009237875288683,1.0236220472440944,-0.7086614173228346,53
246,44,199,326,231,382,1.3856812933025404,-22.170900692840647,0.39370078740157477,-0.7086614173228346,53
247,45,189,542,227,566,0.0,0.0,0.0,0.0,53
248,1,261,720,339,758,52.19988012698565,143.80743063476535,-11.777881781500668,6.951617909778616,54
249,18,180,974,254,1014,9.342160526002093,312.8122435691019,-31.07836120998772,2.644206113909135,54
250,35,176,717,224,775,-4.744247105825524,187.78333008338427,-31.763577380430235,-29.729975102918534,54
251,38,160,660,216,722,-60.30787570601541,67.7794057758538,-24.14945914794979,-100.91562193438136,54
252,44,173,534,239,636,-10.697082905365338,285.50230211678115,25.382359721823708,16.7929450829039,54
253,1,265,735,345,771,52.19988012698565,143.80743063476535,-11.777881781500668,6.951617909778616,55
254,18,169,888,251,962,3.0585835465123816,233.3702594601478,-5.909676466129891,7.1537979702645345,55
255,35,177,736,221,792,-4.744247105825524,187.78333008338427,-31.763577380430235,-29.729975102918534,55
256,38,159,806,217,890,-53.15080771113686,271.4300634758458,6.307648434733771,-83.71892815707602,55
257,44,172,731,224,801,-24.04498388374877,620.8609932085085,-13.030280186698295,-0.18730137061372432,55
258,45,254,706,320,728,0.0,0.0,0.0,0.0,55
259,46,183,565,221,583,0.0,0.0,0.0,0.0,55
260,1,271,751,351,785,52.19988012698565,143.80743063476535,-11.777881781500668,6.951617909778616,56
261,18,169,911,251,985,3.0585835465123816,233.3702594601478,-5.909676466129891,7.1537979702645345,56
262,35,169,881,227,969,-6.107829860477497,344.87734046891035,7.89114391679864,-11.981369844320987,56
263,38,157,833,207,917,-53.15080771113686,271.4300634758458,6.307648434733771,-83.71892815707602,56
264,44,173,857,217,905,-25.89216687645195,744.4017918224046,-41.87991568798359,-11.9316013307737,56
265,46,154,714,240,858,-0.4618937644341802,20.87759815242494,12.362204724409448,4.645669291338582,56
266,47,181,589,229,609,0.0,0.0,0.0,0.0,56
267,1,276,765,356,799,52.19988012698565,143.80743063476535,-11.777881781500668,6.951617909778616,57
268,18,180,865,250,943,6.5439832769288735,180.07359190894263,-3.0236767353308673,-1.40616843194476,57
269,35,169,915,225,1005,-6.107829860477497,344.87734046891035,7.89114391679864,-11.981369844320987,57
270,38,156,860,198,944,-53.15080771113686,271.4300634758458,6.307648434733771,-83.71892815707602,57
271,44,173,908,221,946,-17.395102198099174,682.1161632196306,-52.42874197187143,-3.653200059771523,57
272,46,154,865,240,1017,-0.6419519876615647,222.81546776226483,16.06695337909896,4.683452557274763,57
273,47,153,745,243,893,-0.6466512702078522,21.61662817551963,12.67716535433071,4.173228346456693,57
274,48,176,333,234,355,0.0,0.0,0.0,0.0,57
275,49,200,896,228,906,0.0,0.0,0.0,0.0,57
276,1,280,780,362,812,52.19988012698565,143.80743063476535,-11.777881781500668,6.951617909778616,58
277,18,175,767,233,841,-2.540205121610457,86.92563108274366,-5.530303653763342,-10.184755107180827,58
278,35,168,949,224,1039,-6.107829860477497,344.87734046891035,7.89114391679864,-11.981369844320987,58
279,38,155,887,189,973,-53.15080771113686,271.4300634758458,6.307648434733771,-83.71892815707602,58
280,44,178,860,262,904,31.891260809420913,459.9028847073695,-34.29012110294228,56.40699909995784,58
281,47,151,755,243,927,-1.641258598511478,47.86397260140814,24.907011959988523,5.187410747901486,58
282,49,200,896,228,906,0.0,0.0,0.0,0.0,58
283,50,194,802,240,910,0.0,0.0,0.0,0.0,58
284,1,277,769,343,791,40.72441101736414,122.91386186176615,-16.932042913812804,-2.5543056306583214,59
285,18,176,777,232,849,-2.540205121610457,86.92563108274366,-5.530303653763342,-10.184755107180827,59
286,35,169,983,223,1073,-6.107829860477497,344.87734046891035,7.89114391679864,-11.981369844320987,59
287,38,153,914,179,1000,-53.15080771113686,271.4300634758458,6.307648434733771,-83.71892815707602,59
288,44,175,836,289,882,46.9451939912368,340.90734282205653,-23.74458652985091,94.8035760537075,59
289,47,149,765,243,949,-4.322140847200759,71.8848609463374,35.37611081847637,5.829784763467977,59
290,49,177,635,205,687,-4.297167290219134,-45.47835382148584,8.284863750858714,0.15342340279367989,59
291,50,197,628,227,676,-0.4618937644341802,-19.95381062355658,-5.826771653543307,-1.6535433070866141,59
292,1,281,782,347,804,40.72441101736414,122.91386186176615,-16.932042913812804,-2.5543056306583214,60
293,18,175,786,231,858,-2.540205121610457,86.92563108274366,-5.530303653763342,-10.184755107180827,60
294,35,171,841,283,925,21.62453874292226,189.93113062656266,1.569590989982288,37.291914659485535,60
295,44,170,759,260,813,12.414514792235245,173.72023628623353,-11.223028671965753,46.7093676748467,60
296,47,147,785,243,975,-4.049050297376611,110.1878936282844,37.234528326875086,9.566771009128454,60
297,50,198,627,226,673,-0.4618937644341802,-19.95381062355658,-5.826771653543307,-1.6535433070866141,60
298,1,277,797,333,813,31.466887023544288,123.11265711830139,-18.557576560915592,-8.277931019235211,61
299,18,187,700,231,760,1.878598547023504,11.003466748707538,-12.924031292765527,-16.638038760295895,61
300,35,169,745,251,825,5.312190917645175,90.72569755239168,-2.303891050877869,10.582596877754167,61
301,44,166,778,282,838,24.256472834761507,179.20507045811155,-0.8905816617964213,73.8958568865162,61
302,47,149,807,245,1009,-0.2184368470404583,146.27706056685008,52.505459782258555,8.946679849456055,61
303,1,280,811,336,825,31.466887023544288,123.11265711830139,-18.557576560915592,-8.277931019235211,62
304,18,187,703,231,761,1.878598547023504,11.003466748707538,-12.924031292765527,-16.638038760295895,62
305,35,161,901,251,1001,1.219747525480848,223.0512533779564,14.115710602336577,16.535754256800516,62
306,44,149,924,317,1012,32.13285127664551,364.2089844310807,36.05327302607343,131.92224663071647,62
307,47,148,825,246,1043,-0.4248289789283061,169.1524532270117,69.67123526744398,8.595416271864382,62
308,48,149,1021,259,1063,0.0,0.0,0.0,0.0,62
309,1,210,1007,318,1041,-3.06657551322148,264.33371850835096,-5.78646722726468,23.651382167038904,63
310,18,171,919,235,1009,-3.2909424502530813,184.90411294664148,7.7044834954162305,-2.10154594780912,63
311,35,156,918,248,1040,-2.3992660900154625,228.36508435686716,30.402029326468533,16.4145302354122,63
312,44,137,1021,341,1113,35.54950256981606,439.38412679671626,36.31838496156669,159.062086715842,63
313,47,167,565,245,719,16.03369297228591,-368.94337284366895,-40.419438723276144,-21.769527838789834,63
314,1,192,943,318,995,-8.915766681061276,203.38155826471086,5.62499966723937,33.4472612096469,64
315,18,170,937,234,1027,-3.2909424502530813,184.90411294664148,7.7044834954162305,-2.10154594780912,64
316,35,152,936,244,1074,-5.084774500355596,230.48271172054012,39.38396959106885,15.557042398457574,64
317,44,132,1063,352,1159,35.54950256981606,439.38412679671626,36.31838496156669,159.062086715842,64
318,47,177,435,243,551,20.256315772235663,-544.0446420495666,-91.86509941968671,-38.25082492708995,64
319,48,192,369,234,417,0.0,0.0,0.0,0.0,64
320,1,191,963,319,1015,-8.915766681061276,203.38155826471086,5.62499966723937,33.4472612096469,65
321,18,171,793,221,877,-7.7617671441267015,60.10385676280754,3.794059101772231,-10.285182619829406,65
322,35,150,949,244,1109,-5.850318651365376,231.72798571588294,52.203663078488994,15.064481360857208,65
323,44,140,999,306,1067,11.583150060765018,311.39008592514534,3.1092936745445243,85.33853746077351,65
324,47,181,386,243,492,20.256315772235663,-544.0446420495666,-91.86509941968671,-38.25082492708995,65
325,48,172,820,316,904,3.048498845265589,46.004618937644345,3.622047244094488,10.15748031496063,65
326,1,188,982,320,1036,-8.915766681061276,203.38155826471086,5.62499966723937,33.4472612096469,66
327,18,155,587,231,687,-9.652509759216601,-95.40072400980168,13.59954991395925,6.670540185267637,66
328,35,149,968,245,1144,-5.459508080828082,235.05911657156258,60.190040091685454,15.207024980506302,66
329,44,150,955,326,1029,25.184180834341753,239.7814941569061,8.9554889075431,87.6832556955756,66
330,47,191,325,243,403,23.876549645267556,-570.9320912130204,-114.64766135032268,-46.13632151002446,66
331,1,185,1003,321,1057,-8.915766681061276,203.38155826471086,5.62499966723937,33.4472612096469,67
332,18,164,481,234,569,-4.328753609654339,-175.2897568992122,4.546152533916949,2.6669876846438427,67
333,35,150,984,246,1170,-3.7342322065532514,232.98223326598452,64.00818910490244,14.82750334859367,67
334,44,148,979,332,1053,25.184180834341753,239.7814941569061,8.9554889075431,87.6832556955756,67
335,47,200,286,244,356,27.156249491858773,-554.2369785582237,-112.23242443294757,-48.47494868110313,67
336,48,149,881,321,961,0.0,0.0,0.0,0.0,67
337,49,203,328,245,344,0.0,0.0,0.0,0.0,67
338,1,183,1023,321,1077,-8.915766681061276,203.38155826471086,5.62499966723937,33.4472612096469,68
339,18,177,398,241,484,4.542020399616109,-228.0805164042936,2.88273939411596,-1.9077948415615404,68
340,35,151,1000,247,1194,-3.2158119823834985,230.32205101655146,64.83454539385875,13.521945765694712,68
341,44,146,1002,340,1078,25.184180834341753,239.7814941569061,8.9554889075431,87.6832556955756,68
342,47,202,286,246,338,25.422162120331873,-502.3634269192216,-118.00561668737915,-44.79016515248487,68
343,48,161,890,327,984,0.9237875288683604,1.6628175519630486,1.4960629921259843,-0.5511811023622047,68
344,50,138,287,260,435,0.0,0.0,0.0,0.0,68
345,18,189,341,247,409,11.33329194576428,-262.6084783608978,-9.696943777851152,-6.198756480437058,69
346,35,150,1018,246,1222,-3.120042829395214,229.66446615633717,67.57453595851636,12.497824661414597,69
347,44,144,1026,346,1102,25.184180834341753,239.7814941569061,8.9554889075431,87.6832556955756,69
348,47,204,280,246,322,24.730575725315273,-461.4133342289661,-116.70768530370759,-41.16429237609516,69
349,48,170,897,330,991,9.451687948961363,10.478811129219855,0.8875535512591096,-3.9158803636261137,69
350,50,123,281,265,417,-0.4618937644341802,-1.1085450346420322,-1.2598425196850394,1.968503937007874,69
351,18,193,297,249,351,12.94939764180442,-283.0618430712968,-17.558540289157534,-6.9948268738769865,70
352,35,151,1035,247,1245,-2.317125986512487,227.0203971588088,67.07779912478948,11.511975380156974,70
353,44,142,1049,354,1127,25.184180834341753,239.7814941569061,8.9554889075431,87.6832556955756,70
354,47,209,239,247,269,24.730575725315273,-461.4133342289661,-116.70768530370759,-41.16429237609516,70
355,48,168,923,324,1005,-1.512142308687432,50.48224279326398,-12.13650940120534,-7.387153552364378,70
356,50,120,280,262,406,-3.6120552508027486,-9.708468744026003,-5.811731768522556,1.3938005761891517,70
357,51,207,253,251,347,0.0,0.0,0.0,0.0,70
358,18,196,268,250,322,12.94939764180442,-283.0618430712968,-17.558540289157534,-6.9948268738769865,71
359,35,152,1046,248,1256,-1.4326095308513243,217.80822244570163,62.582169956262305,11.29814228488785,71
360,47,213,199,247,217,24.730575725315273,-461.4133342289661,-116.70768530370759,-41.16429237609516,71
361,48,163,941,321,1017,-11.811906369405664,75.01682171461844,-17.66680965883254,-2.164544772465863,71
362,50,124,264,260,396,-0.8448589852279356,-35.27325882698771,-0.14045490142552097,-4.377187303204263,71
363,51,209,240,251,348,0.18475750577367206,-0.5542725173210161,1.3385826771653544,-0.15748031496062992,71
364,52,212,285,250,299,0.0,0.0,0.0,0.0,71
365,18,197,241,251,293,12.94939764180442,-283.0618430712968,-17.558540289157534,-6.9948268738769865,72
366,35,152,1059,248,1267,-1.4858210799360494,210.01929863711894,56.48202087273982,9.852132081372961,72
367,47,210,207,248,233,21.403810248186204,-409.70411723742785,-100.57589075716992,-34.63040231931256,72
368,48,164,947,328,1029,-1.1162729529400313,78.13441405240219,-4.6385481418442644,6.094587814476723,72
369,50,122,242,264,376,1.8877389299389282,-76.34310834289704,3.7932864225003065,5.955022170531478,72
370,52,204,233,250,253,-0.3695150115473441,-4.803695150115473,0.5511811023622047,0.9448818897637795,72
371,53,180,963,244,1033,0.0,0.0,0.0,0.0,72
372,18,201,206,255,264,15.202565745562502,-286.1079092954886,-11.41694418739236,-6.373923679796913,73
373,35,153,1074,255,1272,2.0313516275902748,200.4840272459232,44.81685821415043,13.26210226965976,73
374,47,209,188,251,206,20.270487030982586,-393.40027371546074,-97.90187565938336,-27.374630423234116,73
375,48,160,958,328,1040,-4.9037692945284395,83.49792799524823,-4.097429370620442,13.433409323647954,73
376,50,122,234,266,368,1.8877389299389282,-76.34310834289704,3.7932864225003065,5.955022170531478,73
377,53,180,963,244,1033,0.0,0.0,0.0,0.0,73
378,54,68,385,116,403,0.0,0.0,0.0,0.0,73
379,18,202,180,256,240,14.79791982376955,-283.1798736978762,-9.506838225573711,-6.092583974183603,74
380,35,151,1084,253,1276,0.30717191358650875,189.5576914103225,36.90660357879352,12.002362069843148,74
381,47,212,153,252,163,20.270487030982586,-393.40027371546074,-97.90187565938336,-27.374630423234116,74
382,48,164,965,330,1049,2.082063939469794,83.9317057804074,-0.8899603519210442,7.782027173910786,74
383,50,122,227,266,361,1.8877389299389282,-76.34310834289704,3.7932864225003065,5.955022170531478,74
384,54,68,385,116,403,0.0,0.0,0.0,0.0,74
385,55,211,211,257,229,0.0,0.0,0.0,0.0,74
386,18,205,149,261,217,16.368796990787924,-282.2308859695792,-3.9377101674182935,-5.039886078646205,75
387,35,153,1097,263,1273,5.261590157659398,178.13367299571777,22.863646831786813,17.780508808600295,75
388,47,215,119,253,119,20.270487030982586,-393.40027371546074,-97.90187565938336,-27.374630423234116,75
389,48,169,766,293,842,-22.868254319268605,-247.07620513033874,-12.655773000728574,-54.56191246821984,75
390,50,157,428,261,510,27.21821788181027,221.1574303142391,-72.61223193291926,-50.16442879738474,75
391,55,209,207,259,255,0.09237875288683603,1.1085450346420322,2.9921259842519685,0.47244094488188976,75
392,56,150,977,306,1059,0.0,0.0,0.0,0.0,75
393,18,207,121,261,189,16.368796990787924,-282.2308859695792,-3.9377101674182935,-5.039886078646205,76
394,35,153,1106,267,1268,6.231639127737604,165.8223637759429,12.292989430132334,19.136776071904173,76
395,47,219,84,253,74,20.270487030982586,-393.40027371546074,-97.90187565938336,-27.374630423234116,76
396,48,165,848,297,926,-19.39938296640763,-93.97969212611534,-8.87799889427423,-35.946548993930705,76
397,50,179,269,267,375,42.530229139774164,-27.844194704003627,-28.767792787712608,-64.65752972730208,76
398,56,150,977,306,1059,0.0,0.0,0.0,0.0,76
399,57,119,67,309,283,0.0,0.0,0.0,0.0,76
400,18,209,93,265,185,17.350755683490856,-272.33213137139614,13.190174914454834,-3.34567771885241,77
401,35,152,1122,268,1286,6.231639127737604,165.8223637759429,12.292989430132334,19.136776071904173,77
402,47,217,77,261,89,20.973021795053732,-359.6937389121333,-74.74056838887797,-18.70477347230056,77
403,48,162,954,292,1050,-22.79484085915032,67.7624150880529,15.013510852927917,-34.58472926689912,77
404,50,195,170,267,244,48.7282970504011,-180.18681143511208,-65.78733309302226,-76.60398778679968,77
405,56,157,979,309,1057,1.0742918225547835,0.17904863709246394,-0.6136936111747195,-0.9205404167620793,77
406,18,211,65,267,159,17.350755683490856,-272.33213137139614,13.190174914454834,-3.34567771885241,78
407,35,156,1115,274,1271,9.900478238928928,143.7185189304176,5.347518073144887,19.33077099979707,78
408,47,220,45,262,49,20.973021795053732,-359.6937389121333,-74.74056838887797,-18.70477347230056,78
409,48,162,961,288,1057,-22.79484085915032,67.7624150880529,15.013510852927917,-34.58472926689912,78
410,50,203,155,269,223,48.7282970504011,-180.18681143511208,-65.78733309302226,-76.60398778679968,78
411,56,162,979,314,1061,8.11586776884111,1.7342349831046244,2.3322639847888524,0.20860321622811762,78
412,57,210,36,272,196,0.0,0.0,0.0,0.0,78
413,58,227,112,285,132,0.0,0.0,0.0,0.0,78
414,59,180,143,254,169,0.0,0.0,0.0,0.0,78
415,18,212,25,276,119,19.649630598154125,-281.7537075944571,12.248251942152056,2.0248605692518495,79
416,35,155,1118,283,1268,11.933864097411215,132.38040049723406,0.7107918503589961,25.271209304858587,79
417,47,223,13,263,11,20.973021795053732,-359.6937389121333,-74.74056838887797,-18.70477347230056,79
418,48,161,967,283,1065,-22.79484085915032,67.7624150880529,15.013510852927917,-34.58472926689912,79
419,50,212,140,270,202,48.7282970504011,-180.18681143511208,-65.78733309302226,-76.60398778679968,79
420,56,165,981,317,1061,11.631663122521887,3.6143537506072207,-0.5177982270860322,-1.4365469136953255,79
421,57,256,933,314,983,4.341801385681293,82.5866050808314,-10.62992125984252,-0.31496062992125984,79
422,59,218,41,280,63,3.140877598152425,-10.161662817551964,-0.39370078740157477,-1.1023622047244095,79
423,60,169,530,247,608,0.0,0.0,0.0,0.0,79
424,18,209,-2,277,89,17.265629977506897,-282.6352504203642,9.863252253735876,4.372287657467144,80
425,35,156,1126,290,1266,14.270719536018808,124.4728917949218,-5.271323805642688,26.871263527655778,80
426,47,226,-18,264,-28,20.973021795053732,-359.6937389121333,-74.74056838887797,-18.70477347230056,80
427,48,160,973,280,1073,-22.79484085915032,67.7624150880529,15.013510852927917,-34.58472926689912,80
428,50,221,126,271,180,48.7282970504011,-180.18681143511208,-65.78733309302226,-76.60398778679968,80
429,56,165,974,315,1058,7.485116594420389,-7.4078948168373415,5.42181528825984,-4.110653614412289,80
430,57,223,655,283,709,-38.5172002630991,-293.6081832880256,-8.486218066200387,-0.0007629447677741652,80
431,60,176,517,250,595,0.5542725173210161,-1.2009237875288683,0.0,-0.39370078740157477,80
432,18,210,-30,278,61,17.265629977506897,-282.6352504203642,9.863252253735876,4.372287657467144,81
433,35,160,1067,302,1191,19.605436295602605,60.78580729635361,-16.99217928274463,30.405038266404542,81
434,47,229,-50,265,-68,20.973021795053732,-359.6937389121333,-74.74056838887797,-18.70477347230056,81
435,48,160,979,276,1081,-22.79484085915032,67.7624150880529,15.013510852927917,-34.58472926689912,81
436,50,217,33,267,71,39.57107135572941,-262.27555105551403,-76.20505172520402,-68.55899431622097,81
437,56,165,863,293,931,-17.732924496219677,-262.4683881503013,-20.070396374668572,-36.21494042338858,81
438,57,210,518,268,572,-60.04122319748127,-527.8990503787323,-6.345505192309242,-1.7495586209512972,81
439,60,185,632,259,686,12.650755437758608,134.95567493657444,-12.880116498348888,-0.8848832445718964,81
440,61,177,494,259,578,0.0,0.0,0.0,0.0,81
441,18,212,-60,280,33,17.265629977506897,-282.6352504203642,9.863252253735876,4.372287657467144,82
442,35,161,1074,305,1196,19.605436295602605,60.78580729635361,-16.99217928274463,30.405038266404542,82
443,48,160,985,272,1087,-22.79484085915032,67.7624150880529,15.013510852927917,-34.58472926689912,82
444,50,224,10,268,40,39.57107135572941,-262.27555105551403,-76.20505172520402,-68.55899431622097,82
445,56,165,902,299,970,-8.358780575974285,-135.6181198586919,-17.76220721584508,-22.130531542370452,82
446,57,205,433,269,513,-50.19687535301442,-573.8730398274174,29.92882855484229,8.567725919209838,82
447,60,177,871,281,965,23.578745196162373,672.5366901086829,31.16655576648074,33.3538800320881,82
448,61,179,472,257,546,0.09237875288683603,-2.5866050808314087,-0.7874015748031495,-0.31496062992125984,82
449,62,106,483,280,531,0.0,0.0,0.0,0.0,82
450,18,214,-88,282,5,17.265629977506897,-282.6352504203642,9.863252253735876,4.372287657467144,83
451,35,159,1076,309,1212,18.61251023323109,63.02770347836368,-6.387413328325646,31.757835203855816,83
452,50,231,-11,269,10,39.57107135572941,-262.27555105551403,-76.20505172520402,-68.55899431622097,83
453,56,166,890,298,956,-8.358780575974285,-135.6181198586919,-17.76220721584508,-22.130531542370452,83
454,57,199,375,265,457,-50.19687535301442,-573.8730398274174,29.92882855484229,8.567725919209838,83
455,60,173,945,291,1031,26.559118236453774,678.8688196552486,14.097227064012671,46.826759123773876,83
456,61,179,456,267,534,6.068596923814676,-20.673024893966534,0.7557465497481426,4.292609221348521,83
457,62,197,349,273,415,4.157043879907621,-12.193995381062356,1.811023622047244,-9.52755905511811,83
458,18,214,-117,284,-21,17.265629977506897,-282.6352504203642,9.863252253735876,4.372287657467144,84
459,35,162,1022,310,1138,18.87024399567035,7.100089049216315,-19.40226640492962,28.75527297504984,84
460,50,239,-33,269,-19,39.57107135572941,-262.27555105551403,-76.20505172520402,-68.55899431622097,84
461,56,159,1008,303,1110,-8.554017414691332,91.6615588305645,34.81826365257122,-1.6322543794279198,84
462,57,194,315,260,401,-50.19687535301442,-573.8730398274174,29.92882855484229,8.567725919209838,84
463,60,164,958,260,1020,-22.839244448644077,533.9147507546022,-24.788632843057187,3.65119389542523,84
464,61,196,238,312,362,73.47027995341361,-442.8744107056451,49.91846540979723,34.95460568445448,84
465,62,181,678,321,842,24.34071328358646,488.7125480755214,53.6715390088684,25.358326961638802,84
466,63,183,1055,213,1109,0.0,0.0,0.0,0.0,84
467,64,121,875,155,889,0.0,0.0,0.0,0.0,84
468,35,162,1024,314,1138,18.87024399567035,7.100089049216315,-19.40226640492962,28.75527297504984,85
469,50,185,750,293,844,24.82804960826298,425.52134002947264,-8.774516260582672,-3.4765582498123706,85
470,56,158,1015,302,1121,-8.554017414691332,91.6615588305645,34.81826365257122,-1.6322543794279198,85
471,57,188,257,256,345,-50.19687535301442,-573.8730398274174,29.92882855484229,8.567725919209838,85
472,60,162,1013,258,1073,-22.839244448644077,533.9147507546022,-24.788632843057187,3.65119389542523,85
473,61,185,610,277,716,2.6888120404020697,507.87745727251854,17.751519754117624,-6.87885802834338,85
474,62,176,547,302,687,-7.208827178159666,69.28307249786207,21.780240035316,6.523191716699063,85
475,63,205,338,259,402,3.4180138568129332,-69.7459584295612,1.0236220472440944,2.3622047244094486,85
476,65,161,942,313,1008,0.0,0.0,0.0,0.0,85
477,66,184,951,232,1015,0.0,0.0,0.0,0.0,85
